Model Name,Model Name,Model Parameter,Training Score,Testing Score,Exhaustividad,F1,AUC
Hard Voting-NM-PCA,Hard Voting Classifier With NearMiss PCA,{},1.0,1.0,1.0,1.0,1.0
Soft Voting-NM-PCA,Soft Voting Classifier With NearMiss PCA,{},1.0,0.9591836734693877,0.9615384615384616,0.9615384615384616,0.9590301003344482
Hard Voting-NM,Hard Voting Classifier,{},1.0,0.9795918367346939,0.9615384615384616,0.9803921568627451,0.9807692307692308
Soft Voting-NM-PCA,Soft Voting Classifier,{},1.0,0.9591836734693877,0.9615384615384616,0.9615384615384616,0.9590301003344482
Hard Voting-SM-PCA,Hard Voting Classifier With Smote PCA,{},1.0,0.9036879808967896,0.9099895941727367,0.905982905982906,0.9035600380176082
Soft Voting-SM-PCA,Soft Voting Classifier With Smote PCA,,1.0,0.8949323427964977,0.913111342351717,0.8986175115207373,0.8945632510350896
Hard Voting-SM,Hard Voting Classifier,,1.0,1.0,1.0,1.0,1.0
Soft Voting-SM,Soft Voting Classifier,,1.0,1.0,1.0,1.0,1.0
